name,address
HolyMoses7,0xa4b366ad22fc0d06f1e934ff468e8922431a87b8
scottilicious,0x000d257d2dc7616feaef4ae0f14600fdf50a758e
Alexparker,0xc5adc0dc256fb943da868b2f8f6e63f13921b0cf
ScottyNooo,0xbacd00c9080a82ded56f504ee8810af732b0ab35
chungguskhan,0x7744bfd749a70020d16a1fcbac1d064761c9999e
noovd,0x063aeee10fbfd55b6def10da28e87a601e7deb4b
SwissMiss,0xdbade4c82fb72780a0db9a38f821d8671aba9c95
aenews2,0x44c1dfe43260c94ed4f1d00de2e1f80fb113ebc1
Dropper,0x6bab41a0dc40d6dd4c1a915b8c01969479fd1292
Euan,0xdd225a03cd7ed89e3931906c67c75ab31cf89ef1
